BEGIN;

INSERT INTO FRANQUICIA (ID_Franquicia, Nombre_Franquicia, Desarrollador) VALUES
(1, 'Elden Ring', 'FromSoftware'),
(2, 'Uma Musume Pretty Derby', 'Cygames'),
(3, 'Honkai Impact 3rd', 'HoYoverse'),
(4, 'Zenless Zone Zero', 'HoYoverse'),
(5, 'Sekiro: Shadows Die Twice', 'FromSoftware'),
(6, 'Dark Souls', 'FromSoftware'),
(7, 'Plants vs. Zombies', 'PopCap Games'),
(8, 'DOOM', 'id Software'),
(9, 'NieR: Automata', 'PlatinumGames'),
(10, 'Genshin Impact', 'HoYoverse'),
(11, 'Bloodborne', 'FromSoftware'),
(12, 'Persona 5', 'ATLUS'),
(13, 'The Legend of Zelda', 'Nintendo'),
(14, 'Monster Hunter', 'Capcom'),
(15, 'Final Fantasy VII', 'Square Enix'),
(16, 'Resident Evil', 'Capcom'),
(17, 'Hades', 'Supergiant Games'),
(18, 'Devil May Cry', 'Capcom'),
(19, 'Cyberpunk 2077', 'CD Projekt Red'),
(20, 'League of Legends', 'Riot Games'),
(21, 'Overwatch', 'Blizzard Entertainment'),
(22, 'Guilty Gear', 'Arc System Works'),
(23, 'Street Fighter', 'Capcom'),
(24, 'Fire Emblem', 'Nintendo'),
(25, 'Fate/Grand Order', 'Lasengle');

INSERT INTO CATEGORIA (ID_Categoria, Nombre_Categoria) VALUES
(1, 'Nendoroid'),
(2, 'Escala 1/7'),
(3, 'Escala 1/8'),
(4, 'Articulada'),
(5, 'Edicion Limitada'),
(6, 'Protagonista'),
(7, 'Antagonista'),
(8, 'Mascota'),
(9, 'Chibi'),
(10, 'Armadura'),
(11, 'Katana'),
(12, 'Magia'),
(13, 'Ciencia Ficcion'),
(14, 'Terror'),
(15, 'Fantasia'),
(16, 'Mecha'),
(17, 'Idol'),
(18, 'Retro'),
(19, 'Coleccion Premium'),
(20, 'PVC'),
(21, 'Resina'),
(22, 'Duo Pack'),
(23, 'Efectos Especiales'),
(24, 'Casual Outfit'),
(25, 'Battle Damage');

INSERT INTO PROVEEDOR (ID_Proveedor, Nombre_Proveedor) VALUES
(1, 'Good Smile Company'),
(2, 'Kotobukiya'),
(3, 'Max Factory'),
(4, 'Alter'),
(5, 'AmiAmi Distribution'),
(6, 'Banpresto'),
(7, 'SEGA Goods'),
(8, 'Square Enix Store Supply'),
(9, 'Capcom Figure Partner'),
(10, 'First 4 Figures'),
(11, 'Pop Up Parade LatAm'),
(12, 'Crunchyroll Wholesale'),
(13, 'HobbyLink Distributor'),
(14, 'Solaris Imports'),
(15, 'Aniplex Supplier'),
(16, 'Furyu Partner'),
(17, 'MegaHouse'),
(18, 'Apex Toys'),
(19, 'Bandai Spirits'),
(20, 'Sentinel Imports'),
(21, 'Phat Company'),
(22, 'Union Creative'),
(23, 'Revolve Supplier'),
(24, 'Hot Topic Collectibles'),
(25, 'Tokyo Otaku Supplier');

INSERT INTO CLIENTE (ID_Cliente, Nombre_Cliente) VALUES
(1, 'Carlos Xicara'),
(2, 'Andrea Morales'),
(3, 'Luis Ajpacaja'),
(4, 'Sofia Perez'),
(5, 'Miguel Cumez'),
(6, 'Valeria Gonzalez'),
(7, 'Daniel Yat'),
(8, 'Camila Alvarado'),
(9, 'Jose Pop'),
(10, 'Elena Mendez'),
(11, 'Marco Choc'),
(12, 'Paula Castillo'),
(13, 'Ricardo Ixmucane'),
(14, 'Natalia Ordonez'),
(15, 'Fernando Tzoc'),
(16, 'Gabriela Sical'),
(17, 'Oscar Caal'),
(18, 'Lucia Velasquez'),
(19, 'Kevin Cuc'),
(20, 'Mariana Tum'),
(21, 'Diego Paxtor'),
(22, 'Isabella Lemus'),
(23, 'Hector Guorron'),
(24, 'Renata Iboy'),
(25, 'Javier Batz');

INSERT INTO EMPLEADO (ID_Empleado, Nombre_Empleado) VALUES
(1, 'Ana Lux'),
(2, 'Jorge Sam'),
(3, 'Melissa Chub'),
(4, 'Victor Cutz'),
(5, 'Tatiana Barrios'),
(6, 'Rene Toj'),
(7, 'Claudia Cojti'),
(8, 'Esteban Pocon'),
(9, 'Marta Serech'),
(10, 'Alejandro Chaj'),
(11, 'Cinthia Cumes'),
(12, 'Raul Coy'),
(13, 'Karla Tzun'),
(14, 'Nestor Tax'),
(15, 'Patricia Chavajay'),
(16, 'Mauricio Paredes'),
(17, 'Diana Chamal'),
(18, 'Eduardo Sac'),
(19, 'Silvia Son'),
(20, 'Roberto Tiu'),
(21, 'Veronica Sunuc'),
(22, 'Samuel Ical'),
(23, 'Irene Yax'),
(24, 'Cristian Quic'),
(25, 'Monica Calel');

INSERT INTO METODO_PAGO (ID_Metodo, Nombre) VALUES
(1, 'Efectivo'),
(2, 'Tarjeta Visa'),
(3, 'Tarjeta MasterCard'),
(4, 'Tarjeta American Express'),
(5, 'Tarjeta de Debito'),
(6, 'Transferencia Bancaria'),
(7, 'Pago QR'),
(8, 'PayPal'),
(9, 'Link de Pago Visanet'),
(10, 'Apple Pay'),
(11, 'Google Pay'),
(12, 'Pago con BAC Credomatic'),
(13, 'Cuotas 3 Meses'),
(14, 'Cuotas 6 Meses'),
(15, 'Cuotas 12 Meses'),
(16, 'Gift Card GameStore'),
(17, 'Vale Corporativo'),
(18, 'Pago Contra Entrega'),
(19, 'Deposito Banrural'),
(20, 'Banco Industrial'),
(21, 'G&T Continental'),
(22, 'Transferencia BI en Linea'),
(23, 'Tigo Money'),
(24, 'Transferencia Bantrab'),
(25, 'Pago Mixto');

INSERT INTO LOCAL (ID_Local, Nombre, Zona) VALUES
(1, 'GameStore Oakland Mall', 'Zona 10, Ciudad de Guatemala'),
(2, 'GameStore Miraflores', 'Zona 11, Ciudad de Guatemala'),
(3, 'GameStore Naranjo Mall', 'Zona 4 de Mixco'),
(4, 'GameStore Portales', 'Zona 17, Ciudad de Guatemala'),
(5, 'GameStore Pradera Concepcion', 'Carretera a El Salvador'),
(6, 'GameStore Cayala', 'Zona 16, Ciudad de Guatemala'),
(7, 'GameStore Majadas Once', 'Zona 11, Ciudad de Guatemala'),
(8, 'GameStore Plaza Madero', 'Roosevelt, Mixco'),
(9, 'GameStore Antigua', 'Antigua Guatemala'),
(10, 'GameStore Quetzaltenango', 'Xela Centro'),
(11, 'GameStore Escuintla', 'Escuintla Centro'),
(12, 'GameStore Chimaltenango', 'Chimaltenango Centro'),
(13, 'GameStore Coban', 'Coban Centro'),
(14, 'GameStore Puerto Barrios', 'Puerto Barrios Centro'),
(15, 'GameStore Huehuetenango', 'Huehuetenango Centro'),
(16, 'GameStore Peten', 'Flores, Peten'),
(17, 'GameStore Zacapa', 'Zacapa Centro'),
(18, 'GameStore Mazatenango', 'Mazatenango Centro'),
(19, 'GameStore Retalhuleu', 'Retalhuleu Centro'),
(20, 'GameStore Jalapa', 'Jalapa Centro'),
(21, 'GameStore Jutiapa', 'Jutiapa Centro'),
(22, 'GameStore Santa Lucia Cotzumalguapa', 'Santa Lucia Cotzumalguapa'),
(23, 'GameStore Amatitlan', 'Amatitlan Centro'),
(24, 'GameStore Villa Nueva', 'Villa Nueva Centro'),
(25, 'GameStore Plaza Atanasio', 'Zona 12, Ciudad de Guatemala');

INSERT INTO PRODUCTO (ID_Producto, Nombre, Descripcion, URL_Imagen, ID_Franquicia, Precio_Actual) VALUES
(1, 'Malenia Blade of Miquella 1/7', 'Figura premium de Malenia con base tematica y detalles de armadura.', 'https://i.ebayimg.com/images/g/Nz0AAeSwkC9nvX9l/s-l400.jpg', 1, 129.99),
(2, 'Tokai Teio Race Day Nendoroid', 'Figura chibi de Tokai Teio con rostro alternativo y trofeo.', 'https://resize.cdn.otakumode.com/ex/580.1000/shop/product/82fd577f415b409ab204c779c4999a72.jpg', 2, 54.50),
(3, 'Raiden Mei Herrscher of Thunder 1/8', 'Figura de exhibicion con efectos electricos y postura de combate.', 'https://cdn.pacifiko.com/image/cache/catalog/p/NzVhNzcxNT-1000x1000.jpg', 3, 119.00),
(4, 'Anby Demara Urban Ops 1/7', 'Figura dinamica de Anby con equipo tactico y pose urbana.', 'https://animateusaonlineshop.com/cdn/shop/files/AnbyDemaraFig1.jpg?v=1724192087', 4, 109.75),
(5, 'Wolf Shinobi Prosthetic Deluxe', 'Figura de Sekiro con katana, brazo protesico y base de ruinas.', 'https://www.toyark.com/wp-content/uploads/2024/11/Gecco-Sekiro-Shinobi-Prosthetic-021-800x450.jpg', 5, 134.20),
(6, 'Artorias the Abysswalker 1/7', 'Estatua de Artorias con capa desgastada y espada corrompida.', 'https://www.specfictionshop.com/cdn/shop/files/MAIN-ARTORIAS_2000x.png?v=1718216726', 6, 139.90),
(7, 'Crazy Dave and Sunflower Duo Pack', 'Set de dos figuras de Plants vs. Zombies con accesorios tematicos.', 'https://fbi.cults3d.com/uploaders/17656024/illustration-file/09beeb36-aceb-43db-9265-3d45c75d9ab3/Crazy-Dave-35.png', 7, 62.40),
(8, 'Doom Slayer Battle Damage 1/6', 'Figura articulada del Doom Slayer con armadura marcada por batalla.', 'https://videogamejunk.com/img/catalog/d/doom-eternal/doom-slayer-1-6-scale/ecaffce8b5f5e3fc6d9445edd08de3c657f57954.jpeg', 8, 149.99),
(9, '2B YoRHa No.2 Type B Deluxe', 'Figura de 2B con espada, pod flotante y acabado premium.', 'https://m.media-amazon.com/images/I/51ahtIzAMdL._AC_SL1000_.jpg', 9, 144.50),
(10, 'Raiden Shogun Narukami 1/7', 'Figura elegante de Raiden Shogun con efectos electro y base ceremonial.', 'https://cdn.pacifiko.com/image/cache/catalog/p/NTU5MGRjNz_2-250x250.jpg', 10, 124.80),
(11, 'Lady Maria Clocktower Hunter', 'Figura oscura de Lady Maria con capa, sable y base gotica.', 'https://m.media-amazon.com/images/I/617cPeJy0ML._AC_UF894,1000_QL80_.jpg', 11, 132.60),
(12, 'Joker Phantom Thief 1/8', 'Figura estilizada de Joker con mascara, daga y efecto rojo.', 'https://image-cdn.ubuy.com/kotobukiya-persona-5-joker-hero-phantom/400_400_100/681f539bbb475352ff03b81f.jpg', 12, 98.30),
(13, 'Link Tears of the Kingdom Edition', 'Figura de Link con brazo energetico y equipo de aventura.', 'https://img.pacifiko.com/PROD/resize/1/500x500/B0CY2BTL28.jpg', 13, 115.00),
(14, 'Nargacuga Hunter Armor Set', 'Cazadora equipada con armadura inspirada en Nargacuga.', 'https://www.cosrea.com/cdn/shop/products/cosrea-games-monster-hunter-nargacuga-female-custom-cosplay-armor-3709090955319.png?v=1532595146', 14, 121.45),
(15, 'Tifa Lockhart Advent Children 1/7', 'Figura detallada de Tifa en pose de combate cuerpo a cuerpo.', 'https://resize.cdn.otakumode.com/ex/1000.1000/shop/product/22ede9b5b8ab404d888287dfe3013cb4.jpg', 15, 127.90),
(16, 'Leon S. Kennedy RPD Version', 'Figura de Leon con uniforme RPD, linterna y pistola.', 'https://i.ebayimg.com/images/g/MqIAAeSw60xp1Wv-/s-l400.jpg', 16, 116.25),
(17, 'Zagreus Underworld Prince', 'Figura de Zagreus con espada infernal y pedestal del inframundo.', 'https://i.etsystatic.com/61300058/r/il/e703e1/7674517772/il_1588xN.7674517772_tqkd.jpg', 17, 97.80),
(18, 'Vergil Yamato Master', 'Figura de Vergil con Yamato desenvainada y abrigo largo.', 'https://fireandsteel.ca/cdn/shop/files/Vergil_sYamatoKatana_BattleReady_3RDED01_700x700.jpg?v=1764366108', 18, 128.15),
(19, 'Lucy Edgerunners Neon Ver.', 'Figura de Lucy con base luminosa y estilo futurista.', 'https://www.specfictionshop.com/cdn/shop/files/a009-VlSLIjPD_2000x.jpg?v=1744063478', 19, 118.90),
(20, 'Ahri Spirit Blossom 1/7', 'Figura de Ahri con colas translucidas y flores espirituales.', 'https://i.ebayimg.com/images/g/ExkAAOSwBWFnD1u9/s-l400.jpg', 20, 136.40),
(21, 'D.Va Academy Skin Action Figure', 'Figura articulada de D.Va con accesorios y expresiones intercambiables.', 'https://m.media-amazon.com/images/I/61asU8TeiJL._AC_UF894,1000_QL80_.jpg', 21, 92.70),
(22, 'Baiken Crimson Blade', 'Figura de Baiken con katana, kimono y efectos de corte.', 'https://www.prime1studio.com/on/demandware.static/-/Sites-p1s-master-catalog/default/dweaf673af/images/UPMGG-04S/catalog/a005-6cAlQWRD.jpg', 22, 123.55),
(23, 'Chun-Li World Warrior Blue', 'Figura clasica de Chun-Li con pose iconica y base arcade.', 'https://d3nt9em9l1urz8.cloudfront.net/media/catalog/product/cache/3/image/9df78eab33525d08d6e5fb8d27136e95/b/a/bas66043-1_1.jpg', 23, 101.20),
(24, 'Lucina Exalted Princess', 'Figura de Lucina con capa azul y espada Falchion.', 'https://jumpichiban.com/cdn/shop/files/FireEmblem17ScaleFigure-Lucina_2.jpg?v=1769049363&width=573', 24, 112.35),
(25, 'Mash Kyrielight Shield Heroine', 'Figura de Mash con gran escudo y armadura semipesada.', 'https://animota.net/cdn/shop/files/61uKzQPQ1dL._AC_SL1280.jpg?v=1689664840', 25, 126.85);

INSERT INTO PRODUCTO_CATEGORIA (ID_Producto, ID_Categoria) VALUES
(1, 15),
(2, 17),
(3, 12),
(4, 24),
(5, 11),
(6, 19),
(7, 22),
(8, 25),
(9, 13),
(10, 2),
(11, 14),
(12, 6),
(13, 15),
(14, 10),
(15, 3),
(16, 14),
(17, 6),
(18, 11),
(19, 13),
(20, 12),
(21, 4),
(22, 11),
(23, 18),
(24, 20),
(25, 10);

INSERT INTO PRODUCTO_PROVEEDOR (ID_Producto, ID_Proveedor) VALUES
(1, 10),
(2, 1),
(3, 18),
(4, 23),
(5, 9),
(6, 4),
(7, 6),
(8, 19),
(9, 8),
(10, 2),
(11, 15),
(12, 17),
(13, 13),
(14, 9),
(15, 8),
(16, 24),
(17, 21),
(18, 22),
(19, 20),
(20, 3),
(21, 11),
(22, 14),
(23, 12),
(24, 16),
(25, 25);

INSERT INTO INVENTARIO (ID_Producto, ID_Local, Cantidad_Actual) VALUES
(1, 1, 8),
(2, 2, 15),
(3, 3, 9),
(4, 4, 11),
(5, 5, 6),
(6, 6, 5),
(7, 7, 18),
(8, 8, 7),
(9, 9, 10),
(10, 10, 12),
(11, 11, 6),
(12, 12, 14),
(13, 13, 9),
(14, 14, 8),
(15, 15, 7),
(16, 16, 10),
(17, 17, 13),
(18, 18, 6),
(19, 19, 11),
(20, 20, 8),
(21, 21, 16),
(22, 22, 7),
(23, 23, 12),
(24, 24, 9),
(25, 25, 5);

INSERT INTO COMPRA (ID_Compra, ID_Cliente, ID_Empleado, ID_Metodo, ID_Local, Fecha_Compra) VALUES
(1, 1, 1, 1, 1, '2026-03-01 10:15:00'),
(2, 2, 2, 2, 2, '2026-03-02 11:20:00'),
(3, 3, 3, 3, 3, '2026-03-03 14:05:00'),
(4, 4, 4, 4, 4, '2026-03-04 16:40:00'),
(5, 5, 5, 5, 5, '2026-03-05 12:10:00'),
(6, 6, 6, 6, 6, '2026-03-06 09:30:00'),
(7, 7, 7, 7, 7, '2026-03-07 13:25:00'),
(8, 8, 8, 8, 8, '2026-03-08 15:45:00'),
(9, 9, 9, 9, 9, '2026-03-09 17:10:00'),
(10, 10, 10, 10, 10, '2026-03-10 10:50:00'),
(11, 11, 11, 11, 11, '2026-03-11 11:35:00'),
(12, 12, 12, 12, 12, '2026-03-12 18:15:00'),
(13, 13, 13, 13, 13, '2026-03-13 14:20:00'),
(14, 14, 14, 14, 14, '2026-03-14 16:05:00'),
(15, 15, 15, 15, 15, '2026-03-15 12:55:00'),
(16, 16, 16, 16, 16, '2026-03-16 09:40:00'),
(17, 17, 17, 17, 17, '2026-03-17 13:00:00'),
(18, 18, 18, 18, 18, '2026-03-18 17:25:00'),
(19, 19, 19, 19, 19, '2026-03-19 11:05:00'),
(20, 20, 20, 20, 20, '2026-03-20 15:35:00'),
(21, 21, 21, 21, 21, '2026-03-21 10:10:00'),
(22, 22, 22, 22, 22, '2026-03-22 12:45:00'),
(23, 23, 23, 23, 23, '2026-03-23 18:30:00'),
(24, 24, 24, 24, 24, '2026-03-24 14:55:00'),
(25, 25, 25, 25, 25, '2026-03-25 16:20:00');

INSERT INTO COMPRA_PRODUCTOS (ID_Compra, ID_Producto, Cantidad, Precio_Venta) VALUES
(1, 1, 1, 129.99),
(2, 2, 2, 54.50),
(3, 3, 1, 119.00),
(4, 4, 1, 109.75),
(5, 5, 1, 134.20),
(6, 6, 1, 139.90),
(7, 7, 2, 62.40),
(8, 8, 1, 149.99),
(9, 9, 1, 144.50),
(10, 10, 1, 124.80),
(11, 11, 1, 132.60),
(12, 12, 1, 98.30),
(13, 13, 1, 115.00),
(14, 14, 1, 121.45),
(15, 15, 1, 127.90),
(16, 16, 1, 116.25),
(17, 17, 2, 97.80),
(18, 18, 1, 128.15),
(19, 19, 1, 118.90),
(20, 20, 1, 136.40),
(21, 21, 1, 92.70),
(22, 22, 1, 123.55),
(23, 23, 2, 101.20),
(24, 24, 1, 112.35),
(25, 25, 1, 126.85);

SELECT setval(pg_get_serial_sequence('franquicia', 'id_franquicia'), COALESCE((SELECT MAX(ID_Franquicia) FROM FRANQUICIA), 1), true);
SELECT setval(pg_get_serial_sequence('categoria', 'id_categoria'), COALESCE((SELECT MAX(ID_Categoria) FROM CATEGORIA), 1), true);
SELECT setval(pg_get_serial_sequence('proveedor', 'id_proveedor'), COALESCE((SELECT MAX(ID_Proveedor) FROM PROVEEDOR), 1), true);
SELECT setval(pg_get_serial_sequence('cliente', 'id_cliente'), COALESCE((SELECT MAX(ID_Cliente) FROM CLIENTE), 1), true);
SELECT setval(pg_get_serial_sequence('empleado', 'id_empleado'), COALESCE((SELECT MAX(ID_Empleado) FROM EMPLEADO), 1), true);
SELECT setval(pg_get_serial_sequence('metodo_pago', 'id_metodo'), COALESCE((SELECT MAX(ID_Metodo) FROM METODO_PAGO), 1), true);
SELECT setval(pg_get_serial_sequence('local', 'id_local'), COALESCE((SELECT MAX(ID_Local) FROM LOCAL), 1), true);
SELECT setval(pg_get_serial_sequence('producto', 'id_producto'), COALESCE((SELECT MAX(ID_Producto) FROM PRODUCTO), 1), true);
SELECT setval(pg_get_serial_sequence('compra', 'id_compra'), COALESCE((SELECT MAX(ID_Compra) FROM COMPRA), 1), true);

COMMIT;
